{"v":"5.5.2","fr":60,"ip":0,"op":120,"w":1500,"h":1500,"nm":"scan","ddd":0,"assets":[],"fonts":{"list":[{"fName":"PingFangSC-Medium","fFamily":"PingFang SC","fStyle":"Medium","ascent":72.7996826171875},{"fName":"PingFangSC-Regular","fFamily":"PingFang SC","fStyle":"Regular","ascent":72.7996826171875}]},"layers":[{"ddd":0,"ind":1,"ty":3,"nm":"Ã¢ÂÂ½ Group","sr":1,"ks":{"o":{"a":0,"k":100,"ix":11},"r":{"a":0,"k":0,"ix":10},"p":{"a":0,"k":[751.5,751.5,0],"ix":2},"a":{"a":0,"k":[516,516,0],"ix":1},"s":{"a":0,"k":[100,100,100],"ix":6}},"ao":0,"ip":0,"op":120,"st":0,"bm":0},{"ddd":0,"ind":2,"ty":4,"nm":"Oval Copy 5","parent":1,"sr":1,"ks":{"o":{"a":0,"k":100,"ix":11},"r":{"a":0,"k":0,"ix":10},"p":{"a":1,"k":[{"i":{"x":0.833,"y":0.833},"o":{"x":0.167,"y":0.167},"t":0,"s":[531,966,0],"to":[12.667,-2.75,0],"ti":[0,0,0]},{"i":{"x":0.833,"y":0.833},"o":{"x":0.167,"y":0.167},"t":59,"s":[607,949.5,0],"to":[0,0,0],"ti":[12.667,-2.75,0]},{"t":119,"s":[531,966,0]}],"ix":2},"a":{"a":0,"k":[0,0,0],"ix":1},"s":{"a":0,"k":[100,100,100],"ix":6}},"ao":0,"shapes":[{"ty":"gr","it":[{"d":1,"ty":"el","s":{"a":0,"k":[10,10],"ix":2},"p":{"a":0,"k":[0,0],"ix":3},"nm":"Ellipse Path 1","mn":"ADBE Vector Shape - Ellipse","hd":false},{"ty":"fl","c":{"a":0,"k":[0.329412013292,0.623529016972,0.988234996796,1],"ix":4},"o":{"a":0,"k":100,"ix":5},"r":1,"bm":0,"nm":"Fill 1","mn":"ADBE Vector Graphic - Fill","hd":false},{"ty":"tr","p":{"a":0,"k":[0,0],"ix":2},"a":{"a":0,"k":[0,0],"ix":1},"s":{"a":0,"k":[300,300],"ix":3},"r":{"a":0,"k":0,"ix":6},"o":{"a":0,"k":100,"ix":7},"sk":{"a":0,"k":0,"ix":4},"sa":{"a":0,"k":0,"ix":5},"nm":"Transform"}],"nm":"Oval Copy 5","np":2,"cix":2,"bm":0,"ix":1,"mn":"ADBE Vector Group","hd":false}],"ip":0,"op":120,"st":0,"bm":0},{"ddd":0,"ind":3,"ty":4,"nm":"Oval Copy 4","parent":1,"sr":1,"ks":{"o":{"a":0,"k":100,"ix":11},"r":{"a":0,"k":0,"ix":10},"p":{"a":1,"k":[{"i":{"x":0.833,"y":0.833},"o":{"x":0.167,"y":0.167},"t":0,"s":[231,168,0],"to":[8,-3.333,0],"ti":[0,0,0]},{"i":{"x":0.833,"y":0.833},"o":{"x":0.167,"y":0.167},"t":26,"s":[279,148,0],"to":[0,0,0],"ti":[8,-3.333,0]},{"t":119,"s":[231,168,0]}],"ix":2},"a":{"a":0,"k":[0,0,0],"ix":1},"s":{"a":0,"k":[100,100,100],"ix":6}},"ao":0,"shapes":[{"ty":"gr","it":[{"d":1,"ty":"el","s":{"a":0,"k":[10,10],"ix":2},"p":{"a":0,"k":[0,0],"ix":3},"nm":"Ellipse Path 1","mn":"ADBE Vector Shape - Ellipse","hd":false},{"ty":"fl","c":{"a":0,"k":[0.329412013292,0.623529016972,0.988234996796,1],"ix":4},"o":{"a":0,"k":100,"ix":5},"r":1,"bm":0,"nm":"Fill 1","mn":"ADBE Vector Graphic - Fill","hd":false},{"ty":"tr","p":{"a":0,"k":[0,0],"ix":2},"a":{"a":0,"k":[0,0],"ix":1},"s":{"a":0,"k":[300,300],"ix":3},"r":{"a":0,"k":0,"ix":6},"o":{"a":0,"k":100,"ix":7},"sk":{"a":0,"k":0,"ix":4},"sa":{"a":0,"k":0,"ix":5},"nm":"Transform"}],"nm":"Oval Copy 4","np":2,"cix":2,"bm":0,"ix":1,"mn":"ADBE Vector Group","hd":false}],"ip":0,"op":120,"st":0,"bm":0},{"ddd":0,"ind":4,"ty":4,"nm":"Oval Copy 15","parent":1,"sr":1,"ks":{"o":{"a":0,"k":100,"ix":11},"r":{"a":0,"k":0,"ix":10},"p":{"a":0,"k":[145.5,277.5,0],"ix":2},"a":{"a":0,"k":[0,0,0],"ix":1},"s":{"a":0,"k":[100,100,100],"ix":6}},"ao":0,"shapes":[{"ty":"gr","it":[{"d":1,"ty":"el","s":{"a":0,"k":[5,5],"ix":2},"p":{"a":0,"k":[0,0],"ix":3},"nm":"Ellipse Path 1","mn":"ADBE Vector Shape - Ellipse","hd":false},{"ty":"fl","c":{"a":0,"k":[0.329412013292,0.623529016972,0.988234996796,1],"ix":4},"o":{"a":0,"k":100,"ix":5},"r":1,"bm":0,"nm":"Fill 1","mn":"ADBE Vector Graphic - Fill","hd":false},{"ty":"tr","p":{"a":0,"k":[0,0],"ix":2},"a":{"a":0,"k":[0,0],"ix":1},"s":{"a":0,"k":[300,300],"ix":3},"r":{"a":0,"k":0,"ix":6},"o":{"a":0,"k":100,"ix":7},"sk":{"a":0,"k":0,"ix":4},"sa":{"a":0,"k":0,"ix":5},"nm":"Transform"}],"nm":"Oval Copy 15","np":2,"cix":2,"bm":0,"ix":1,"mn":"ADBE Vector Group","hd":false}],"ip":0,"op":120,"st":0,"bm":0},{"ddd":0,"ind":5,"ty":4,"nm":"Oval Copy 16","parent":1,"sr":1,"ks":{"o":{"a":0,"k":100,"ix":11},"r":{"a":0,"k":0,"ix":10},"p":{"a":0,"k":[163.5,901.5,0],"ix":2},"a":{"a":0,"k":[0,0,0],"ix":1},"s":{"a":0,"k":[100,100,100],"ix":6}},"ao":0,"shapes":[{"ty":"gr","it":[{"d":1,"ty":"el","s":{"a":0,"k":[5,5],"ix":2},"p":{"a":0,"k":[0,0],"ix":3},"nm":"Ellipse Path 1","mn":"ADBE Vector Shape - Ellipse","hd":false},{"ty":"fl","c":{"a":0,"k":[0.329412013292,0.623529016972,0.988234996796,1],"ix":4},"o":{"a":0,"k":100,"ix":5},"r":1,"bm":0,"nm":"Fill 1","mn":"ADBE Vector Graphic - Fill","hd":false},{"ty":"tr","p":{"a":0,"k":[0,0],"ix":2},"a":{"a":0,"k":[0,0],"ix":1},"s":{"a":0,"k":[300,300],"ix":3},"r":{"a":0,"k":0,"ix":6},"o":{"a":0,"k":100,"ix":7},"sk":{"a":0,"k":0,"ix":4},"sa":{"a":0,"k":0,"ix":5},"nm":"Transform"}],"nm":"Oval Copy 16","np":2,"cix":2,"bm":0,"ix":1,"mn":"ADBE Vector Group","hd":false}],"ip":0,"op":120,"st":0,"bm":0},{"ddd":0,"ind":6,"ty":4,"nm":"Oval Copy 13","parent":1,"sr":1,"ks":{"o":{"a":0,"k":100,"ix":11},"r":{"a":0,"k":0,"ix":10},"p":{"a":0,"k":[100.5,667.5,0],"ix":2},"a":{"a":0,"k":[0,0,0],"ix":1},"s":{"a":0,"k":[100,100,100],"ix":6}},"ao":0,"shapes":[{"ty":"gr","it":[{"d":1,"ty":"el","s":{"a":0,"k":[5,5],"ix":2},"p":{"a":0,"k":[0,0],"ix":3},"nm":"Ellipse Path 1","mn":"ADBE Vector Shape - Ellipse","hd":false},{"ty":"fl","c":{"a":0,"k":[0.329412013292,0.623529016972,0.988234996796,1],"ix":4},"o":{"a":0,"k":100,"ix":5},"r":1,"bm":0,"nm":"Fill 1","mn":"ADBE Vector Graphic - Fill","hd":false},{"ty":"tr","p":{"a":0,"k":[0,0],"ix":2},"a":{"a":0,"k":[0,0],"ix":1},"s":{"a":0,"k":[300,300],"ix":3},"r":{"a":0,"k":0,"ix":6},"o":{"a":0,"k":100,"ix":7},"sk":{"a":0,"k":0,"ix":4},"sa":{"a":0,"k":0,"ix":5},"nm":"Transform"}],"nm":"Oval Copy 13","np":2,"cix":2,"bm":0,"ix":1,"mn":"ADBE Vector Group","hd":false}],"ip":0,"op":120,"st":0,"bm":0},{"ddd":0,"ind":7,"ty":4,"nm":"Oval Copy 11","parent":1,"sr":1,"ks":{"o":{"a":0,"k":100,"ix":11},"r":{"a":0,"k":0,"ix":10},"p":{"a":0,"k":[997.5,562.5,0],"ix":2},"a":{"a":0,"k":[0,0,0],"ix":1},"s":{"a":0,"k":[100,100,100],"ix":6}},"ao":0,"shapes":[{"ty":"gr","it":[{"d":1,"ty":"el","s":{"a":0,"k":[5,5],"ix":2},"p":{"a":0,"k":[0,0],"ix":3},"nm":"Ellipse Path 1","mn":"ADBE Vector Shape - Ellipse","hd":false},{"ty":"fl","c":{"a":0,"k":[0.329412013292,0.623529016972,0.988234996796,1],"ix":4},"o":{"a":0,"k":100,"ix":5},"r":1,"bm":0,"nm":"Fill 1","mn":"ADBE Vector Graphic - Fill","hd":false},{"ty":"tr","p":{"a":0,"k":[0,0],"ix":2},"a":{"a":0,"k":[0,0],"ix":1},"s":{"a":0,"k":[300,300],"ix":3},"r":{"a":0,"k":0,"ix":6},"o":{"a":0,"k":100,"ix":7},"sk":{"a":0,"k":0,"ix":4},"sa":{"a":0,"k":0,"ix":5},"nm":"Transform"}],"nm":"Oval Copy 11","np":2,"cix":2,"bm":0,"ix":1,"mn":"ADBE Vector Group","hd":false}],"ip":0,"op":120,"st":0,"bm":0},{"ddd":0,"ind":8,"ty":4,"nm":"Oval Copy 10","parent":1,"sr":1,"ks":{"o":{"a":0,"k":100,"ix":11},"r":{"a":0,"k":0,"ix":10},"p":{"a":0,"k":[865.5,844.5,0],"ix":2},"a":{"a":0,"k":[0,0,0],"ix":1},"s":{"a":0,"k":[100,100,100],"ix":6}},"ao":0,"shapes":[{"ty":"gr","it":[{"d":1,"ty":"el","s":{"a":0,"k":[5,5],"ix":2},"p":{"a":0,"k":[0,0],"ix":3},"nm":"Ellipse Path 1","mn":"ADBE Vector Shape - Ellipse","hd":false},{"ty":"fl","c":{"a":0,"k":[0.329412013292,0.623529016972,0.988234996796,1],"ix":4},"o":{"a":0,"k":100,"ix":5},"r":1,"bm":0,"nm":"Fill 1","mn":"ADBE Vector Graphic - Fill","hd":false},{"ty":"tr","p":{"a":0,"k":[0,0],"ix":2},"a":{"a":0,"k":[0,0],"ix":1},"s":{"a":0,"k":[300,300],"ix":3},"r":{"a":0,"k":0,"ix":6},"o":{"a":0,"k":100,"ix":7},"sk":{"a":0,"k":0,"ix":4},"sa":{"a":0,"k":0,"ix":5},"nm":"Transform"}],"nm":"Oval Copy 10","np":2,"cix":2,"bm":0,"ix":1,"mn":"ADBE Vector Group","hd":false}],"ip":0,"op":120,"st":0,"bm":0},{"ddd":0,"ind":9,"ty":4,"nm":"Oval Copy 9","parent":1,"sr":1,"ks":{"o":{"a":0,"k":100,"ix":11},"r":{"a":0,"k":0,"ix":10},"p":{"a":0,"k":[880.5,763.5,0],"ix":2},"a":{"a":0,"k":[0,0,0],"ix":1},"s":{"a":0,"k":[100,100,100],"ix":6}},"ao":0,"shapes":[{"ty":"gr","it":[{"d":1,"ty":"el","s":{"a":0,"k":[5,5],"ix":2},"p":{"a":0,"k":[0,0],"ix":3},"nm":"Ellipse Path 1","mn":"ADBE Vector Shape - Ellipse","hd":false},{"ty":"fl","c":{"a":0,"k":[0.329412013292,0.623529016972,0.988234996796,1],"ix":4},"o":{"a":0,"k":100,"ix":5},"r":1,"bm":0,"nm":"Fill 1","mn":"ADBE Vector Graphic - Fill","hd":false},{"ty":"tr","p":{"a":0,"k":[0,0],"ix":2},"a":{"a":0,"k":[0,0],"ix":1},"s":{"a":0,"k":[300,300],"ix":3},"r":{"a":0,"k":0,"ix":6},"o":{"a":0,"k":100,"ix":7},"sk":{"a":0,"k":0,"ix":4},"sa":{"a":0,"k":0,"ix":5},"nm":"Transform"}],"nm":"Oval Copy 9","np":2,"cix":2,"bm":0,"ix":1,"mn":"ADBE Vector Group","hd":false}],"ip":0,"op":120,"st":0,"bm":0},{"ddd":0,"ind":10,"ty":4,"nm":"Oval Copy 14","parent":1,"sr":1,"ks":{"o":{"a":0,"k":100,"ix":11},"r":{"a":0,"k":0,"ix":10},"p":{"a":0,"k":[67.5,292.5,0],"ix":2},"a":{"a":0,"k":[0,0,0],"ix":1},"s":{"a":0,"k":[100,100,100],"ix":6}},"ao":0,"shapes":[{"ty":"gr","it":[{"d":1,"ty":"el","s":{"a":0,"k":[5,5],"ix":2},"p":{"a":0,"k":[0,0],"ix":3},"nm":"Ellipse Path 1","mn":"ADBE Vector Shape - Ellipse","hd":false},{"ty":"fl","c":{"a":0,"k":[0.329412013292,0.623529016972,0.988234996796,1],"ix":4},"o":{"a":0,"k":100,"ix":5},"r":1,"bm":0,"nm":"Fill 1","mn":"ADBE Vector Graphic - Fill","hd":false},{"ty":"tr","p":{"a":0,"k":[0,0],"ix":2},"a":{"a":0,"k":[0,0],"ix":1},"s":{"a":0,"k":[300,300],"ix":3},"r":{"a":0,"k":0,"ix":6},"o":{"a":0,"k":100,"ix":7},"sk":{"a":0,"k":0,"ix":4},"sa":{"a":0,"k":0,"ix":5},"nm":"Transform"}],"nm":"Oval Copy 14","np":2,"cix":2,"bm":0,"ix":1,"mn":"ADBE Vector Group","hd":false}],"ip":0,"op":120,"st":0,"bm":0},{"ddd":0,"ind":11,"ty":4,"nm":"Oval Copy 12","parent":1,"sr":1,"ks":{"o":{"a":0,"k":100,"ix":11},"r":{"a":0,"k":0,"ix":10},"p":{"a":0,"k":[55.5,580.5,0],"ix":2},"a":{"a":0,"k":[0,0,0],"ix":1},"s":{"a":0,"k":[100,100,100],"ix":6}},"ao":0,"shapes":[{"ty":"gr","it":[{"d":1,"ty":"el","s":{"a":0,"k":[5,5],"ix":2},"p":{"a":0,"k":[0,0],"ix":3},"nm":"Ellipse Path 1","mn":"ADBE Vector Shape - Ellipse","hd":false},{"ty":"fl","c":{"a":0,"k":[0.329412013292,0.623529016972,0.988234996796,1],"ix":4},"o":{"a":0,"k":100,"ix":5},"r":1,"bm":0,"nm":"Fill 1","mn":"ADBE Vector Graphic - Fill","hd":false},{"ty":"tr","p":{"a":0,"k":[0,0],"ix":2},"a":{"a":0,"k":[0,0],"ix":1},"s":{"a":0,"k":[300,300],"ix":3},"r":{"a":0,"k":0,"ix":6},"o":{"a":0,"k":100,"ix":7},"sk":{"a":0,"k":0,"ix":4},"sa":{"a":0,"k":0,"ix":5},"nm":"Transform"}],"nm":"Oval Copy 12","np":2,"cix":2,"bm":0,"ix":1,"mn":"ADBE Vector Group","hd":false}],"ip":0,"op":120,"st":0,"bm":0},{"ddd":0,"ind":12,"ty":4,"nm":"Oval Copy 8","parent":1,"sr":1,"ks":{"o":{"a":0,"k":100,"ix":11},"r":{"a":0,"k":0,"ix":10},"p":{"a":0,"k":[952.5,475.5,0],"ix":2},"a":{"a":0,"k":[0,0,0],"ix":1},"s":{"a":0,"k":[100,100,100],"ix":6}},"ao":0,"shapes":[{"ty":"gr","it":[{"d":1,"ty":"el","s":{"a":0,"k":[5,5],"ix":2},"p":{"a":0,"k":[0,0],"ix":3},"nm":"Ellipse Path 1","mn":"ADBE Vector Shape - Ellipse","hd":false},{"ty":"fl","c":{"a":0,"k":[0.329412013292,0.623529016972,0.988234996796,1],"ix":4},"o":{"a":0,"k":100,"ix":5},"r":1,"bm":0,"nm":"Fill 1","mn":"ADBE Vector Graphic - Fill","hd":false},{"ty":"tr","p":{"a":0,"k":[0,0],"ix":2},"a":{"a":0,"k":[0,0],"ix":1},"s":{"a":0,"k":[300,300],"ix":3},"r":{"a":0,"k":0,"ix":6},"o":{"a":0,"k":100,"ix":7},"sk":{"a":0,"k":0,"ix":4},"sa":{"a":0,"k":0,"ix":5},"nm":"Transform"}],"nm":"Oval Copy 8","np":2,"cix":2,"bm":0,"ix":1,"mn":"ADBE Vector Group","hd":false}],"ip":0,"op":120,"st":0,"bm":0},{"ddd":0,"ind":13,"ty":4,"nm":"Oval Copy 7","parent":1,"sr":1,"ks":{"o":{"a":0,"k":100,"ix":11},"r":{"a":0,"k":0,"ix":10},"p":{"a":0,"k":[841.5,217.5,0],"ix":2},"a":{"a":0,"k":[0,0,0],"ix":1},"s":{"a":0,"k":[100,100,100],"ix":6}},"ao":0,"shapes":[{"ty":"gr","it":[{"d":1,"ty":"el","s":{"a":0,"k":[5,5],"ix":2},"p":{"a":0,"k":[0,0],"ix":3},"nm":"Ellipse Path 1","mn":"ADBE Vector Shape - Ellipse","hd":false},{"ty":"fl","c":{"a":0,"k":[0.329412013292,0.623529016972,0.988234996796,1],"ix":4},"o":{"a":0,"k":100,"ix":5},"r":1,"bm":0,"nm":"Fill 1","mn":"ADBE Vector Graphic - Fill","hd":false},{"ty":"tr","p":{"a":0,"k":[0,0],"ix":2},"a":{"a":0,"k":[0,0],"ix":1},"s":{"a":0,"k":[300,300],"ix":3},"r":{"a":0,"k":0,"ix":6},"o":{"a":0,"k":100,"ix":7},"sk":{"a":0,"k":0,"ix":4},"sa":{"a":0,"k":0,"ix":5},"nm":"Transform"}],"nm":"Oval Copy 7","np":2,"cix":2,"bm":0,"ix":1,"mn":"ADBE Vector Group","hd":false}],"ip":0,"op":120,"st":0,"bm":0},{"ddd":0,"ind":14,"ty":4,"nm":"Oval Copy 6","parent":1,"sr":1,"ks":{"o":{"a":0,"k":100,"ix":11},"r":{"a":0,"k":0,"ix":10},"p":{"a":0,"k":[802.5,190.5,0],"ix":2},"a":{"a":0,"k":[0,0,0],"ix":1},"s":{"a":0,"k":[100,100,100],"ix":6}},"ao":0,"shapes":[{"ty":"gr","it":[{"d":1,"ty":"el","s":{"a":0,"k":[5,5],"ix":2},"p":{"a":0,"k":[0,0],"ix":3},"nm":"Ellipse Path 1","mn":"ADBE Vector Shape - Ellipse","hd":false},{"ty":"fl","c":{"a":0,"k":[0.329412013292,0.623529016972,0.988234996796,1],"ix":4},"o":{"a":0,"k":100,"ix":5},"r":1,"bm":0,"nm":"Fill 1","mn":"ADBE Vector Graphic - Fill","hd":false},{"ty":"tr","p":{"a":0,"k":[0,0],"ix":2},"a":{"a":0,"k":[0,0],"ix":1},"s":{"a":0,"k":[300,300],"ix":3},"r":{"a":0,"k":0,"ix":6},"o":{"a":0,"k":100,"ix":7},"sk":{"a":0,"k":0,"ix":4},"sa":{"a":0,"k":0,"ix":5},"nm":"Transform"}],"nm":"Oval Copy 6","np":2,"cix":2,"bm":0,"ix":1,"mn":"ADBE Vector Group","hd":false}],"ip":0,"op":120,"st":0,"bm":0},{"ddd":0,"ind":15,"ty":4,"nm":"Oval","parent":1,"sr":1,"ks":{"o":{"a":0,"k":100,"ix":11},"r":{"a":0,"k":0,"ix":10},"p":{"a":1,"k":[{"i":{"x":0.833,"y":0.833},"o":{"x":0.167,"y":0.167},"t":19,"s":[966,363,0],"to":[-4.333,4.333,0],"ti":[0,0,0]},{"i":{"x":0.833,"y":0.833},"o":{"x":0.167,"y":0.167},"t":56,"s":[940,389,0],"to":[0,0,0],"ti":[-4.333,4.333,0]},{"t":99,"s":[966,363,0]}],"ix":2},"a":{"a":0,"k":[0,0,0],"ix":1},"s":{"a":0,"k":[100,100,100],"ix":6}},"ao":0,"shapes":[{"ty":"gr","it":[{"d":1,"ty":"el","s":{"a":0,"k":[10,10],"ix":2},"p":{"a":0,"k":[0,0],"ix":3},"nm":"Ellipse Path 1","mn":"ADBE Vector Shape - Ellipse","hd":false},{"ty":"fl","c":{"a":0,"k":[0.329412013292,0.623529016972,0.988234996796,1],"ix":4},"o":{"a":0,"k":100,"ix":5},"r":1,"bm":0,"nm":"Fill 1","mn":"ADBE Vector Graphic - Fill","hd":false},{"ty":"tr","p":{"a":0,"k":[0,0],"ix":2},"a":{"a":0,"k":[0,0],"ix":1},"s":{"a":0,"k":[300,300],"ix":3},"r":{"a":0,"k":0,"ix":6},"o":{"a":0,"k":100,"ix":7},"sk":{"a":0,"k":0,"ix":4},"sa":{"a":0,"k":0,"ix":5},"nm":"Transform"}],"nm":"Oval","np":2,"cix":2,"bm":0,"ix":1,"mn":"ADBE Vector Group","hd":false}],"ip":0,"op":120,"st":0,"bm":0},{"ddd":0,"ind":16,"ty":5,"nm":"15SÃ¢ÂÂ¦","parent":1,"sr":1,"ks":{"o":{"a":0,"k":100,"ix":11},"r":{"a":0,"k":0,"ix":10},"p":{"a":0,"k":[516,607.787,0],"ix":2},"a":{"a":0,"k":[0,0,0],"ix":1},"s":{"a":0,"k":[300,300,100],"ix":6}},"ao":0,"t":{"d":{"k":[{"s":{"s":24,"f":"PingFangSC-Regular","t":"","j":2,"tr":50,"lh":28.8,"ls":0,"fc":[1,1,1]},"t":0}]},"p":{},"m":{"g":1,"a":{"a":0,"k":[0,0],"ix":2}},"a":[]},"ip":0,"op":120,"st":0,"bm":0},{"ddd":0,"ind":17,"ty":5,"nm":"Ã¦Â­Â£Ã¥ÂÂ¨Ã¦ÂÂ«Ã¦ÂÂ","parent":1,"sr":1,"ks":{"o":{"a":0,"k":100,"ix":11},"r":{"a":0,"k":0,"ix":10},"p":{"a":0,"k":[516,484.129,0],"ix":2},"a":{"a":0,"k":[0,0,0],"ix":1},"s":{"a":0,"k":[300,300,100],"ix":6}},"ao":0,"t":{"d":{"k":[{"s":{"s":28,"f":"PingFangSC-Medium","t":"","j":2,"tr":0,"lh":33.6,"ls":0,"fc":[1,1,1]},"t":0}]},"p":{},"m":{"g":1,"a":{"a":0,"k":[0,0],"ix":2}},"a":[]},"ip":0,"op":120,"st":0,"bm":0},{"ddd":0,"ind":18,"ty":4,"nm":"Mask","parent":1,"sr":1,"ks":{"o":{"a":0,"k":100,"ix":11},"r":{"a":0,"k":0,"ix":10},"p":{"a":0,"k":[516,516,0],"ix":2},"a":{"a":0,"k":[0,0,0],"ix":1},"s":{"a":0,"k":[100,100,100],"ix":6}},"ao":0,"shapes":[{"ty":"gr","it":[{"d":1,"ty":"el","s":{"a":1,"k":[{"i":{"x":[0.833,0.833],"y":[0.833,0.833]},"o":{"x":[0.167,0.167],"y":[0.167,0.167]},"t":0,"s":[280,280]},{"i":{"x":[0.833,0.833],"y":[0.833,0.833]},"o":{"x":[0.167,0.167],"y":[0.167,0.167]},"t":47,"s":[298,298]},{"i":{"x":[0.833,0.833],"y":[0.833,0.833]},"o":{"x":[0.167,0.167],"y":[0.167,0.167]},"t":93,"s":[250.312,250.313]},{"t":119,"s":[280,280]}],"ix":2},"p":{"a":0,"k":[0,0],"ix":3},"nm":"Ellipse Path 1","mn":"ADBE Vector Shape - Ellipse","hd":false},{"ty":"gf","o":{"a":0,"k":100,"ix":10},"r":1,"bm":0,"g":{"p":3,"k":{"a":0,"k":[0,0.408,0.718,1,0.5,0.29,0.573,0.982,1,0.173,0.427,0.965],"ix":9}},"s":{"a":0,"k":[0,-140],"ix":5},"e":{"a":0,"k":[0,140],"ix":6},"t":1,"nm":"Gradient Fill 1","mn":"ADBE Vector Graphic - G-Fill","hd":false},{"ty":"tr","p":{"a":0,"k":[0,0],"ix":2},"a":{"a":0,"k":[0,0],"ix":1},"s":{"a":0,"k":[300,300],"ix":3},"r":{"a":0,"k":0,"ix":6},"o":{"a":0,"k":100,"ix":7},"sk":{"a":0,"k":0,"ix":4},"sa":{"a":0,"k":0,"ix":5},"nm":"Transform"}],"nm":"Mask","np":2,"cix":2,"bm":0,"ix":1,"mn":"ADBE Vector Group","hd":false}],"ip":0,"op":120,"st":0,"bm":0},{"ddd":0,"ind":19,"ty":4,"nm":"Oval Copy 2","parent":1,"sr":1,"ks":{"o":{"a":0,"k":100,"ix":11},"r":{"a":0,"k":0,"ix":10},"p":{"a":1,"k":[{"i":{"x":0.833,"y":0.833},"o":{"x":0.167,"y":0.167},"t":0,"s":[441,516,0],"to":[5.818,6.347,0],"ti":[-13.045,-17.78,0]},{"i":{"x":0.833,"y":0.833},"o":{"x":0.167,"y":0.167},"t":17,"s":[460,568.224,0],"to":[15.728,21.438,0],"ti":[-12.937,0.638,0]},{"i":{"x":0.833,"y":0.833},"o":{"x":0.167,"y":0.167},"t":38,"s":[518,600,0],"to":[23.667,-1.167,0],"ti":[0.5,26,0]},{"i":{"x":0.833,"y":0.833},"o":{"x":0.167,"y":0.167},"t":69,"s":[583,509,0],"to":[-0.5,-26,0],"ti":[23.667,-1.167,0]},{"i":{"x":0.833,"y":0.833},"o":{"x":0.167,"y":0.167},"t":92,"s":[515,444,0],"to":[-23.667,1.167,0],"ti":[12.333,-12,0]},{"t":119,"s":[441,516,0]}],"ix":2},"a":{"a":0,"k":[0,0,0],"ix":1},"s":{"a":0,"k":[100,100,100],"ix":6}},"ao":0,"shapes":[{"ty":"gr","it":[{"d":1,"ty":"el","s":{"a":0,"k":[266,266],"ix":2},"p":{"a":0,"k":[0,0],"ix":3},"nm":"Ellipse Path 1","mn":"ADBE Vector Shape - Ellipse","hd":false},{"ty":"fl","c":{"a":0,"k":[0.725489974022,0.843137025833,0.984314024448,1],"ix":4},"o":{"a":0,"k":100,"ix":5},"r":1,"bm":0,"nm":"Fill 1","mn":"ADBE Vector Graphic - Fill","hd":false},{"ty":"tr","p":{"a":0,"k":[0,0],"ix":2},"a":{"a":0,"k":[0,0],"ix":1},"s":{"a":0,"k":[300,300],"ix":3},"r":{"a":0,"k":0,"ix":6},"o":{"a":0,"k":100,"ix":7},"sk":{"a":0,"k":0,"ix":4},"sa":{"a":0,"k":0,"ix":5},"nm":"Transform"}],"nm":"Oval Copy 2","np":2,"cix":2,"bm":0,"ix":1,"mn":"ADBE Vector Group","hd":false}],"ip":0,"op":120,"st":0,"bm":0},{"ddd":0,"ind":21,"ty":4,"nm":"Oval","parent":1,"sr":1,"ks":{"o":{"a":0,"k":100,"ix":11},"r":{"a":0,"k":0,"ix":10},"p":{"a":0,"k":[516,516,0],"ix":2},"a":{"a":0,"k":[0,0,0],"ix":1},"s":{"a":0,"k":[100,100,100],"ix":6}},"ao":0,"shapes":[{"ty":"gr","it":[{"d":1,"ty":"el","s":{"a":0,"k":[300,300],"ix":2},"p":{"a":0,"k":[0,0],"ix":3},"nm":"Ellipse Path 1","mn":"ADBE Vector Shape - Ellipse","hd":false},{"ty":"fl","c":{"a":0,"k":[0.725489974022,0.843137025833,0.984314024448,1],"ix":4},"o":{"a":0,"k":100,"ix":5},"r":1,"bm":0,"nm":"Fill 1","mn":"ADBE Vector Graphic - Fill","hd":false},{"ty":"tr","p":{"a":0,"k":[0,0],"ix":2},"a":{"a":0,"k":[0,0],"ix":1},"s":{"a":0,"k":[300,300],"ix":3},"r":{"a":0,"k":0,"ix":6},"o":{"a":0,"k":100,"ix":7},"sk":{"a":0,"k":0,"ix":4},"sa":{"a":0,"k":0,"ix":5},"nm":"Transform"}],"nm":"Oval","np":2,"cix":2,"bm":0,"ix":1,"mn":"ADBE Vector Group","hd":false}],"ip":0,"op":120,"st":0,"bm":0},{"ddd":0,"ind":22,"ty":4,"nm":"Oval Copy 3","parent":1,"sr":1,"ks":{"o":{"a":0,"k":100,"ix":11},"r":{"a":0,"k":0,"ix":10},"p":{"a":0,"k":[516,516,0],"ix":2},"a":{"a":0,"k":[0,0,0],"ix":1},"s":{"a":0,"k":[110,110,100],"ix":6}},"ao":0,"ef":[{"ty":29,"nm":"Gaussian Blur","np":6,"mn":"ADBE Gaussian Blur 2","ix":1,"en":1,"ef":[{"ty":0,"nm":"Blurriness","mn":"ADBE Gaussian Blur 2-0001","ix":1,"v":{"a":0,"k":336,"ix":1}},{"ty":7,"nm":"Blur Dimensions","mn":"ADBE Gaussian Blur 2-0002","ix":2,"v":{"a":0,"k":1,"ix":2}},{"ty":7,"nm":"Repeat Edge Pixels","mn":"ADBE Gaussian Blur 2-0003","ix":3,"v":{"a":0,"k":0,"ix":3}},{"ty":7,"nm":"GPU Rendering","mn":"ADBE Force CPU GPU","ix":4,"v":{"a":0,"k":1,"ix":4}}]}],"shapes":[{"ty":"gr","it":[{"d":1,"ty":"el","s":{"a":0,"k":[344,344],"ix":2},"p":{"a":0,"k":[0,0],"ix":3},"nm":"Ellipse Path 1","mn":"ADBE Vector Shape - Ellipse","hd":false},{"ty":"fl","c":{"a":0,"k":[0.725489974022,0.843137025833,0.984314024448,1],"ix":4},"o":{"a":0,"k":100,"ix":5},"r":1,"bm":0,"nm":"Fill 1","mn":"ADBE Vector Graphic - Fill","hd":false},{"ty":"tr","p":{"a":0,"k":[0,0],"ix":2},"a":{"a":0,"k":[0,0],"ix":1},"s":{"a":0,"k":[300,300],"ix":3},"r":{"a":0,"k":0,"ix":6},"o":{"a":0,"k":100,"ix":7},"sk":{"a":0,"k":0,"ix":4},"sa":{"a":0,"k":0,"ix":5},"nm":"Transform"}],"nm":"Oval Copy 3","np":2,"cix":2,"bm":0,"ix":1,"mn":"ADBE Vector Group","hd":false}],"ip":0,"op":120,"st":0,"bm":0}],"markers":[],"chars":[{"ch":"S","size":28,"style":"Medium","w":64.7,"data":{"shapes":[{"ty":"gr","it":[{"ind":0,"ty":"sh","ix":1,"ks":{"a":0,"k":{"i":[[8.359,0],[5.035,-3.424],[0,-6.345],[-5.539,-3.323],[-8.862,-2.82],[-1.611,-0.806],[0,-4.028],[3.223,-1.813],[5.438,0],[2.921,2.216],[0.806,5.64],[0,0],[-5.942,-4.23],[-8.762,0],[-5.035,3.625],[0,6.445],[6.143,3.726],[9.668,3.021],[1.611,0.906],[0,3.223],[-3.122,1.611],[-4.733,0],[-2.82,-2.115],[-1.007,-4.633],[0,0],[5.035,3.726]],"o":[[-7.654,0],[-5.338,3.625],[0,6.244],[2.216,1.208],[7.956,2.417],[4.532,2.316],[0,3.223],[-3.223,1.813],[-6.042,0],[-3.223,-2.417],[0,0],[0.604,9.064],[4.935,3.424],[9.064,0],[5.035,-3.726],[0,-6.647],[-2.82,-1.712],[-6.747,-2.014],[-3.625,-1.913],[0,-3.625],[2.518,-1.41],[5.438,0],[2.82,2.014],[0,0],[-0.705,-7.855],[-4.733,-3.625]],"v":[[32.227,-73.315],[13.193,-68.179],[5.237,-53.275],[13.495,-38.873],[30.011,-32.932],[44.312,-28.098],[51.16,-18.631],[46.326,-11.078],[33.334,-8.258],[19.94,-11.581],[13.898,-23.767],[3.021,-23.767],[12.79,-3.827],[33.334,1.41],[54.483,-4.028],[62.036,-19.235],[52.771,-34.744],[33.939,-41.794],[21.451,-46.225],[16.113,-53.879],[20.746,-61.734],[31.622,-63.849],[43.909,-60.727],[49.548,-50.656],[60.425,-50.656],[51.865,-67.978]],"c":true},"ix":2},"nm":"S","mn":"ADBE Vector Shape - Group","hd":false}],"nm":"S","np":3,"cix":2,"bm":0,"ix":1,"mn":"ADBE Vector Group","hd":false}]},"fFamily":"PingFang SC"},{"ch":"c","size":28,"style":"Medium","w":55.8,"data":{"shapes":[{"ty":"gr","it":[{"ind":0,"ty":"sh","ix":1,"ks":{"a":0,"k":{"i":[[6.647,0],[4.532,-5.438],[0,-7.855],[-4.33,-5.035],[-7.956,0],[-4.028,3.323],[-1.208,6.949],[0,0],[7.956,0],[2.316,3.223],[0,5.841],[-2.618,3.223],[-4.431,0],[-2.216,-1.712],[-0.705,-3.525],[0,0],[4.028,3.223]],"o":[[-8.057,0],[-4.23,5.035],[0,8.057],[4.431,5.237],[6.647,0],[4.028,-3.424],[0,0],[-1.007,7.855],[-4.633,0],[-2.518,-3.323],[0,-5.841],[2.518,-3.323],[3.625,0],[2.216,1.611],[0,0],[-1.007,-6.445],[-4.028,-3.021]],"v":[[29.205,-53.476],[10.373,-45.319],[4.028,-25.983],[10.474,-6.445],[29.004,1.41],[45.117,-3.625],[53.073,-19.235],[42.499,-19.235],[29.105,-7.352],[18.732,-12.286],[15.005,-26.083],[18.832,-39.78],[29.205,-44.714],[37.967,-42.197],[42.297,-34.442],[52.872,-34.442],[45.218,-48.944]],"c":true},"ix":2},"nm":"c","mn":"ADBE Vector Shape - Group","hd":false}],"nm":"c","np":3,"cix":2,"bm":0,"ix":1,"mn":"ADBE Vector Group","hd":false}]},"fFamily":"PingFang SC"},{"ch":"a","size":28,"style":"Medium","w":56.9,"data":{"shapes":[{"ty":"gr","it":[{"ind":0,"ty":"sh","ix":1,"ks":{"a":0,"k":{"i":[[7.654,0],[3.827,-2.417],[1.108,-5.64],[0,0],[-2.417,1.41],[-3.323,0],[0,-7.251],[0,0],[0,0],[4.23,-3.021],[0,-5.841],[-3.323,-2.719],[-5.438,0],[-3.424,1.611],[-2.014,2.618],[0,0],[0,0],[0,0],[3.122,3.323]],"o":[[-6.445,0],[-4.431,2.618],[0,0],[0.604,-2.921],[2.014,-1.208],[7.855,0],[0,0],[0,0],[-7.654,0.201],[-4.633,3.122],[0,4.33],[3.021,2.719],[4.633,0],[3.021,-1.511],[0,0],[0,0],[0,0],[0,-6.345],[-3.625,-3.827]],"v":[[29.507,-53.476],[13.998,-49.951],[5.64,-37.463],[16.214,-36.557],[20.746,-43.002],[28.802,-44.815],[40.585,-33.939],[40.585,-31.824],[28.903,-31.522],[10.977,-26.788],[4.028,-13.293],[8.963,-2.719],[21.652,1.41],[33.737,-1.108],[41.29,-7.352],[41.29,0],[51.16,0],[51.16,-33.234],[46.426,-47.736]],"c":true},"ix":2},"nm":"a","mn":"ADBE Vector Shape - Group","hd":false},{"ind":1,"ty":"sh","ix":2,"ks":{"a":0,"k":{"i":[[0,0],[0,0],[3.223,-2.719],[4.532,0],[1.611,1.309],[0,2.014],[-9.769,0.201]],"o":[[0,0],[0,4.028],[-3.223,2.719],[-2.719,0],[-1.712,-1.309],[0,-6.445],[0,0]],"v":[[40.585,-24.069],[40.585,-21.048],[35.651,-10.876],[24.069,-6.747],[17.523,-8.762],[15.005,-13.696],[29.608,-23.767]],"c":true},"ix":2},"nm":"a","mn":"ADBE Vector Shape - Group","hd":false}],"nm":"a","np":5,"cix":2,"bm":0,"ix":1,"mn":"ADBE Vector Group","hd":false}]},"fFamily":"PingFang SC"},{"ch":"n","size":28,"style":"Medium","w":57.6,"data":{"shapes":[{"ty":"gr","it":[{"ind":0,"ty":"sh","ix":1,"ks":{"a":0,"k":{"i":[[12.891,0],[2.618,-1.41],[2.014,-2.618],[0,0],[0,0],[0,0],[0,0],[0,0],[-2.417,2.417],[-3.021,0],[0,-8.862],[0,0],[0,0],[0,0]],"o":[[-3.223,0],[-2.618,1.309],[0,0],[0,0],[0,0],[0,0],[0,0],[0.403,-4.23],[2.216,-2.216],[8.057,0],[0,0],[0,0],[0,0],[0,-14.301]],"v":[[32.428,-53.476],[23.666,-51.462],[16.718,-45.621],[16.718,-52.066],[6.042,-52.066],[6.042,0],[16.718,0],[16.718,-31.32],[21.048,-41.29],[29.004,-44.513],[41.19,-31.219],[41.19,0],[51.865,0],[51.865,-32.126]],"c":true},"ix":2},"nm":"n","mn":"ADBE Vector Shape - Group","hd":false}],"nm":"n","np":3,"cix":2,"bm":0,"ix":1,"mn":"ADBE Vector Group","hd":false}]},"fFamily":"PingFang SC"},{"ch":"i","size":28,"style":"Medium","w":27.1,"data":{"shapes":[{"ty":"gr","it":[{"ind":0,"ty":"sh","ix":1,"ks":{"a":0,"k":{"i":[[2.115,0],[1.41,-1.41],[0,-2.115],[-1.41,-1.41],[-2.115,0],[-1.41,1.309],[0,2.115],[1.41,1.309]],"o":[[-2.115,0],[-1.41,1.309],[0,2.014],[1.41,1.309],[2.014,0],[1.41,-1.41],[0,-2.115],[-1.41,-1.41]],"v":[[13.596,-72.913],[8.359,-70.898],[6.244,-65.762],[8.359,-60.526],[13.596,-58.511],[18.832,-60.526],[21.048,-65.762],[18.933,-70.898]],"c":true},"ix":2},"nm":"i","mn":"ADBE Vector Shape - Group","hd":false},{"ind":1,"ty":"sh","ix":2,"ks":{"a":0,"k":{"i":[[0,0],[0,0],[0,0],[0,0]],"o":[[0,0],[0,0],[0,0],[0,0]],"v":[[8.258,-52.066],[8.258,0],[18.933,0],[18.933,-52.066]],"c":true},"ix":2},"nm":"i","mn":"ADBE Vector Shape - Group","hd":false}],"nm":"i","np":5,"cix":2,"bm":0,"ix":1,"mn":"ADBE Vector Group","hd":false}]},"fFamily":"PingFang SC"},{"ch":"g","size":28,"style":"Medium","w":59.9,"data":{"shapes":[{"ty":"gr","it":[{"ind":0,"ty":"sh","ix":1,"ks":{"a":0,"k":{"i":[[6.848,0],[4.33,-4.935],[0,-7.855],[-4.431,-4.733],[-7.05,0],[-3.827,5.74],[0,0],[9.064,0],[1.913,1.208],[0.604,3.021],[0,0],[-3.827,-2.82],[-7.251,0],[0,16.516],[0,0],[0,0],[0,0]],"o":[[-7.05,0],[-4.431,4.834],[0,7.855],[4.33,4.733],[6.848,0],[0,0],[0,9.769],[-4.23,0],[-2.014,-1.309],[0,0],[1.007,5.74],[3.827,2.719],[16.113,0],[0,0],[0,0],[0,0],[-3.827,-5.64]],"v":[[27.695,-53.476],[10.574,-46.124],[4.028,-27.191],[10.574,-8.359],[27.695,-1.208],[43.607,-9.869],[43.607,-1.813],[30.011,12.891],[20.746,10.977],[16.919,4.431],[6.244,4.431],[13.394,17.221],[30.011,21.35],[54.282,-3.424],[54.282,-52.066],[43.607,-52.066],[43.607,-45.117]],"c":true},"ix":2},"nm":"g","mn":"ADBE Vector Shape - Group","hd":false},{"ind":1,"ty":"sh","ix":2,"ks":{"a":0,"k":{"i":[[-4.532,0],[-2.618,-3.223],[0,-5.438],[2.417,-3.122],[4.532,0],[2.316,3.424],[0,5.035],[-2.618,3.021]],"o":[[4.532,0],[2.417,3.122],[0,5.338],[-2.618,3.021],[-5.237,0],[-2.014,-2.921],[0,-5.539],[2.417,-3.223]],"v":[[29.306,-44.815],[39.981,-40.082],[43.707,-27.191],[39.981,-14.502],[29.306,-9.97],[18.027,-15.207],[15.005,-27.191],[18.832,-40.082]],"c":true},"ix":2},"nm":"g","mn":"ADBE Vector Shape - Group","hd":false}],"nm":"g","np":5,"cix":2,"bm":0,"ix":1,"mn":"ADBE Vector Group","hd":false}]},"fFamily":"PingFang SC"},{"ch":"1","size":24,"style":"Regular","w":40.1,"data":{"shapes":[{"ty":"gr","it":[{"ind":0,"ty":"sh","ix":1,"ks":{"a":0,"k":{"i":[[0,0],[3.424,-2.216],[3.223,-0.906],[0,0],[-4.532,4.633],[0,0],[0,0],[0,0]],"o":[[-2.417,2.719],[-3.424,2.014],[0,0],[6.747,-2.014],[0,0],[0,0],[0,0],[0,0]],"v":[[23.163,-71.906],[14.502,-64.554],[4.431,-60.223],[4.431,-51.965],[21.35,-61.835],[21.35,0],[29.608,0],[29.608,-71.906]],"c":true},"ix":2},"nm":"1","mn":"ADBE Vector Shape - Group","hd":false}],"nm":"1","np":3,"cix":2,"bm":0,"ix":1,"mn":"ADBE Vector Group","hd":false}]},"fFamily":"PingFang SC"},{"ch":"5","size":24,"style":"Regular","w":60,"data":{"shapes":[{"ty":"gr","it":[{"ind":0,"ty":"sh","ix":1,"ks":{"a":0,"k":{"i":[[0,0],[0,0],[0,0],[-2.82,1.41],[-3.424,0],[-2.921,-3.223],[0,-5.74],[3.223,-3.223],[5.035,0],[2.82,2.115],[0.403,4.532],[0,0],[-5.035,-3.827],[-6.345,0],[-4.834,4.33],[0,7.251],[4.23,4.431],[6.848,0],[2.82,-1.208],[2.014,-2.417],[0,0],[0,0],[0,0],[0,0]],"o":[[0,0],[0,0],[1.41,-2.82],[2.719,-1.511],[5.237,0],[3.021,3.122],[0,5.035],[-3.323,3.223],[-4.431,0],[-3.223,-2.417],[0,0],[0.504,6.546],[4.431,3.424],[7.05,0],[5.136,-4.633],[0,-7.755],[-4.23,-4.33],[-3.323,0],[-3.122,1.208],[0,0],[0,0],[0,0],[0,0],[0,0]],"v":[[10.574,-71.906],[6.747,-32.227],[14.603,-32.227],[21.048,-38.672],[30.212,-40.887],[42.499,-36.154],[47.131,-22.861],[42.197,-10.474],[29.709,-5.64],[18.732,-8.862],[13.293,-19.336],[5.136,-19.336],[13.394,-3.726],[29.608,1.41],[47.534,-5.136],[55.289,-22.961],[48.843,-41.19],[32.227,-47.635],[23.062,-45.923],[15.308,-40.485],[14.905,-40.485],[17.322,-64.554],[52.368,-64.554],[52.368,-71.906]],"c":true},"ix":2},"nm":"5","mn":"ADBE Vector Shape - Group","hd":false}],"nm":"5","np":3,"cix":2,"bm":0,"ix":1,"mn":"ADBE Vector Group","hd":false}]},"fFamily":"PingFang SC"},{"ch":"S","size":24,"style":"Regular","w":63.2,"data":{"shapes":[{"ty":"gr","it":[{"ind":0,"ty":"sh","ix":1,"ks":{"a":0,"k":{"i":[[8.057,0],[4.733,-3.223],[0,-6.244],[-5.539,-3.223],[-8.661,-2.618],[-2.014,-1.208],[0,-4.532],[3.625,-2.216],[5.841,0],[3.323,2.618],[0.705,6.244],[0,0],[-5.64,-4.33],[-8.459,0],[-5.035,3.525],[0,6.244],[5.942,3.625],[9.467,2.82],[1.813,1.007],[0,3.625],[-3.424,2.014],[-5.338,0],[-3.223,-2.618],[-0.906,-5.237],[0,0],[4.834,3.827]],"o":[[-7.452,0],[-5.338,3.424],[0,6.042],[2.316,1.208],[8.057,2.316],[4.733,2.518],[0,3.827],[-3.625,2.216],[-6.445,0],[-3.625,-2.921],[0,0],[0.604,8.862],[4.834,3.625],[8.56,0],[5.035,-3.625],[0,-6.546],[-3.021,-1.813],[-6.949,-2.014],[-4.129,-2.216],[0,-4.129],[3.021,-1.813],[5.841,0],[3.122,2.518],[0,0],[-0.705,-7.553],[-4.633,-3.726]],"v":[[31.421,-73.315],[13.092,-68.481],[5.136,-53.879],[13.394,-39.981],[29.91,-34.14],[45.117,-28.903],[52.267,-18.329],[46.829,-9.265],[32.529,-5.942],[17.926,-9.97],[11.38,-23.767],[3.223,-23.767],[12.589,-4.028],[32.529,1.41],[52.872,-3.928],[60.425,-18.832],[51.462,-34.039],[32.73,-40.988],[19.537,-45.52],[13.394,-54.282],[18.53,-63.446],[31.018,-66.064],[44.614,-62.238],[50.656,-50.656],[58.813,-50.656],[50.555,-67.776]],"c":true},"ix":2},"nm":"S","mn":"ADBE Vector Shape - Group","hd":false}],"nm":"S","np":3,"cix":2,"bm":0,"ix":1,"mn":"ADBE Vector Group","hd":false}]},"fFamily":"PingFang SC"},{"ch":"Ã¢ÂÂ¦","size":24,"style":"Regular","w":100,"data":{"shapes":[{"ty":"gr","it":[{"ind":0,"ty":"sh","ix":1,"ks":{"a":0,"k":{"i":[[1.813,0],[1.108,-1.208],[0,-1.712],[-1.208,-1.208],[-1.712,0],[-1.208,1.108],[0,1.813],[1.108,1.108]],"o":[[-1.712,0],[-1.208,1.108],[0,1.712],[1.108,1.108],[1.712,0],[1.108,-1.108],[0,-1.712],[-1.208,-1.208]],"v":[[16.718,-11.984],[12.488,-10.272],[10.675,-6.042],[12.488,-1.712],[16.718,0],[21.149,-1.712],[22.861,-6.042],[21.149,-10.272]],"c":true},"ix":2},"nm":"Ã¢ÂÂ¦","mn":"ADBE Vector Shape - Group","hd":false},{"ind":1,"ty":"sh","ix":2,"ks":{"a":0,"k":{"i":[[1.712,0],[1.208,-1.208],[0,-1.712],[-1.208,-1.208],[-1.712,0],[-1.208,1.108],[0,1.813],[1.108,1.108]],"o":[[-1.712,0],[-1.208,1.108],[0,1.712],[1.208,1.108],[1.712,0],[1.108,-1.108],[0,-1.712],[-1.208,-1.208]],"v":[[50.354,-11.984],[46.024,-10.272],[44.312,-6.042],[46.024,-1.712],[50.354,0],[54.785,-1.712],[56.497,-6.042],[54.785,-10.272]],"c":true},"ix":2},"nm":"Ã¢ÂÂ¦","mn":"ADBE Vector Shape - Group","hd":false},{"ind":2,"ty":"sh","ix":3,"ks":{"a":0,"k":{"i":[[1.712,0],[1.208,-1.208],[0,-1.712],[-1.208,-1.208],[-1.712,0],[-1.208,1.108],[0,1.813],[1.208,1.108]],"o":[[-1.712,0],[-1.208,1.108],[0,1.712],[1.208,1.108],[1.712,0],[1.208,-1.108],[0,-1.712],[-1.208,-1.208]],"v":[[83.89,-11.984],[79.559,-10.272],[77.847,-6.042],[79.559,-1.712],[83.89,0],[88.22,-1.712],[90.033,-6.042],[88.22,-10.272]],"c":true},"ix":2},"nm":"Ã¢ÂÂ¦","mn":"ADBE Vector Shape - Group","hd":false}],"nm":"Ã¢ÂÂ¦","np":6,"cix":2,"bm":0,"ix":1,"mn":"ADBE Vector Group","hd":false}]},"fFamily":"PingFang SC"}]}