{
  "project_info": {
    "project_number": "755387205700",
    "firebase_url": "https://friendapp-886ff-default-rtdb.firebaseio.com",
    "project_id": "friendapp-886ff",
    "storage_bucket": "friendapp-886ff.appspot.com"
  },
  "client": [
    {
      "client_info": {
        "mobilesdk_app_id": "1:755387205700:android:d6ac2886045da6ffca9411",
        "android_client_info": {
          "package_name": "com.example.f"
        }
      },
      "oauth_client": [
        {
          "client_id": "755387205700-d20krungv76cdletb1qaplqc431p7uh7.apps.googleusercontent.com",
          "client_type": 3
        }
      ],
      "api_key": [
        {
          "current_key": "AIzaSyAeESVNt7KOCOWYZTw8QXGT6kP04417PG0"
        }
      ],
      "services": {
        "appinvite_service": {
          "other_platform_oauth_client": [
            {
              "client_id": "755387205700-d20krungv76cdletb1qaplqc431p7uh7.apps.googleusercontent.com",
              "client_type": 3
            },
            {
              "client_id": "755387205700-cja06bqterukp5l2ufs91o20n83mm3ea.apps.googleusercontent.com",
              "client_type": 2,
              "ios_info": {
                "bundle_id": "com.example.friApp"
              }
            }
          ]
        }
      }
    },
    {
      "client_info": {
        "mobilesdk_app_id": "1:755387205700:android:5b74b86fc3d1c918ca9411",
        "android_client_info": {
          "package_name": "com.example.minia_web_project"
        }
      },
      "oauth_client": [
        {
          "client_id": "755387205700-d20krungv76cdletb1qaplqc431p7uh7.apps.googleusercontent.com",
          "client_type": 3
        }
      ],
      "api_key": [
        {
          "current_key": "AIzaSyAeESVNt7KOCOWYZTw8QXGT6kP04417PG0"
        }
      ],
      "services": {
        "appinvite_service": {
          "other_platform_oauth_client": [
            {
              "client_id": "755387205700-d20krungv76cdletb1qaplqc431p7uh7.apps.googleusercontent.com",
              "client_type": 3
            },
            {
              "client_id": "755387205700-cja06bqterukp5l2ufs91o20n83mm3ea.apps.googleusercontent.com",
              "client_type": 2,
              "ios_info": {
                "bundle_id": "com.example.friApp"
              }
            }
          ]
        }
      }
    },
    {
      "client_info": {
        "mobilesdk_app_id": "1:755387205700:android:29b7b15084286c03ca9411",
        "android_client_info": {
          "package_name": "com.example.women_safety_app"
        }
      },
      "oauth_client": [
        {
          "client_id": "755387205700-d20krungv76cdletb1qaplqc431p7uh7.apps.googleusercontent.com",
          "client_type": 3
        }
      ],
      "api_key": [
        {
          "current_key": "AIzaSyAeESVNt7KOCOWYZTw8QXGT6kP04417PG0"
        }
      ],
      "services": {
        "appinvite_service": {
          "other_platform_oauth_client": [
            {
              "client_id": "755387205700-d20krungv76cdletb1qaplqc431p7uh7.apps.googleusercontent.com",
              "client_type": 3
            },
            {
              "client_id": "755387205700-cja06bqterukp5l2ufs91o20n83mm3ea.apps.googleusercontent.com",
              "client_type": 2,
              "ios_info": {
                "bundle_id": "com.example.friApp"
              }
            }
          ]
        }
      }
    },
    {
      "client_info": {
        "mobilesdk_app_id": "1:755387205700:android:d7832896574b6a2eca9411",
        "android_client_info": {
          "package_name": "com.jellies.friendapp"
        }
      },
      "oauth_client": [
        {
          "client_id": "755387205700-28ioq5v5lms89686c8oub0418aom326d.apps.googleusercontent.com",
          "client_type": 1,
          "android_info": {
            "package_name": "com.jellies.friendapp",
            "certificate_hash": "e5ba0b622efc90dc6582181ae24092d951df8d65"
          }
        },
        {
          "client_id": "755387205700-9mrutcbo2mbds7keb0jo2r4jfuc45djm.apps.googleusercontent.com",
          "client_type": 1,
          "android_info": {
            "package_name": "com.jellies.friendapp",
            "certificate_hash": "02b07c2c2e83f8136268fe0f10c99c4f48a28f84"
          }
        },
        {
          "client_id": "755387205700-cd1ffkh1q13mbtrv59ugo6i08ah8rseo.apps.googleusercontent.com",
          "client_type": 1,
          "android_info": {
            "package_name": "com.jellies.friendapp",
            "certificate_hash": "16d62ec8029737bb3bd9612655d6a547002a4f76"
          }
        },
        {
          "client_id": "755387205700-d20krungv76cdletb1qaplqc431p7uh7.apps.googleusercontent.com",
          "client_type": 3
        }
      ],
      "api_key": [
        {
          "current_key": "AIzaSyAeESVNt7KOCOWYZTw8QXGT6kP04417PG0"
        }
      ],
      "services": {
        "appinvite_service": {
          "other_platform_oauth_client": [
            {
              "client_id": "755387205700-d20krungv76cdletb1qaplqc431p7uh7.apps.googleusercontent.com",
              "client_type": 3
            },
            {
              "client_id": "755387205700-cja06bqterukp5l2ufs91o20n83mm3ea.apps.googleusercontent.com",
              "client_type": 2,
              "ios_info": {
                "bundle_id": "com.example.friApp"
              }
            }
          ]
        }
      }
    }
  ],
  "configuration_version": "1"
}